"smoking_labels","n","tot","percent"
"current",10864,111898,9.70884198108992
"former",38845,111898,34.7146508427318
"never",61638,111898,55.0840944431536
NA,551,111898,0.492412733024719
