"bmi_cats","n","tot","percent"
0,2444,111898,2.1841319773365
1,33265,111898,29.7279665409569
2,46958,111898,41.9650038427854
3,26349,111898,23.547337754026
NA,2882,111898,2.57555988489517
